TICKER;PRECO;ULTIMO DIVIDENDO;DY;VALOR PATRIMONIAL COTA;P/VP;LIQUIDEZ MEDIA DIARIA;PERCENTUAL EM CAIXA;CAGR DIVIDENDOS 3 ANOS; CAGR VALOR CORA 3 ANOS;PATRIMONIO;N COTISTAS;GESTAO; N COTAS
ABCP11;73,59;0,650000;8,72;101,51;0,73;68.570,73;1,63;8,43;-0,68;478.010.469,38;17.205,00;Passiva;4.709.082,00
AFHI11;98,04;1,000000;12,93;96,03;1,02;907.438,00;4,79;;;321.041.569,91;27.831,00;Ativa;3.343.095,00
AIEC11;55,46;1,330000;16,52;83,15;0,67;792.504,00;3,08;8,80;-14,98;401.216.234,32;16.789,00;Ativa;4.824.987,00
ALMI11;660,00;0,371133;0,00;2.154,48;0,31;104.363,11;3,21;;-20,27;239.528.331,03;2.239,00;Passiva;111.177,00
ALZC11;0,00;;0,00;;;;;;;;;;1.000.000,00
ALZM11;8,71;0,108860;11,89;8,52;1,02;256.935,27;7,80;;;129.280.035,30;5.674,00;Ativa;15.180.540,00
ALZR11;119,60;0,825000;8,20;105,39;1,13;1.534.635,93;20,14;10,04;-2,06;1.039.173.322,38;149.502,00;Ativa;9.860.406,00
ANCR11B;3.221,00;42,077240;1,96;4.068,56;0,79;4.762,67;1,35;;1,06;1.933.854.842,07;62,00;Ativa;475.316,00
APTO11;9,79;0,090000;12,37;10,33;0,94;35.713,93;5,97;;;41.467.547,86;9.877,00;Ativa;4.012.857,00
APXM11;100,00;0,600597;1,97;95,86;1,04;840.048,50;15,08;;;168.710.781,90;377,00;;1.760.000,00
AQLL11;385,03;;0,00;975,20;0,39;;0,04;;-0,43;142.201.961,38;84,00;Ativa;145.817,00
ARFI11B;479,99;;0,00;651,70;0,74;;1,52;;;74.329.618,05;28,00;Ativa;114.054,00
AROA11;1,27;0,005900;3,47;1,08;1,18;72.100,26;1,16;;;181.093.979,93;205,00;Ativa;167.926.832,00
ARRI11;8,93;0,100000;13,74;8,99;1,00;238.137,80;1,51;-6,17;-0,99;117.352.872,73;27.526,00;Ativa;13.056.237,00
ARXD11;98,36;1,000000;10,27;99,47;0,99;26.415,43;3,03;;;65.143.993,05;561,00;Ativa;654.895,00
ASMT11;56,25;0,770000;1,35;90,74;0,63;19.756,87;0,52;;;92.314.766,75;505,00;Ativa;1.017.316,00
ASRF11;10.092,00;256,328699;2,54;9.992,28;1,01;30.276,00;3,74;;;23.981.483,49;56,00;Ativa;2.400,00
ATCR11;0,00;5,601011;0,00;82,59;;;7,67;;;76.717.810,00;33,00;Ativa;928.908,00
ATSA11;56,28;0,050000;0,18;75,88;0,74;2.171,77;1,02;1,98;-18,77;132.872.243,02;294,00;Passiva;1.751.141,00
ATWN11;0,00;;0,00;1.322,10;;;0,21;;;212.537.041,52;2,00;Passiva;160.757,00
AURB11;85,16;0,200000;5,64;81,84;1,04;1.787.424,43;1,06;;;72.068.378,89;115,00;Ativa;880.560,00
BARI11;83,76;0,690000;11,17;96,19;0,87;705.595,07;8,63;-14,53;-9,10;445.772.913,09;36.705,00;Ativa;4.634.191,00
BBFI11B;1.178,82;7,433438;13,70;2.049,79;0,58;264.630,50;8,52;-21,71;-17,90;266.472.708,73;7.491,00;Passiva;130.000,00
BBFO11;73,75;0,640000;10,98;83,19;0,89;606.871,07;0,36;6,74;-9,01;333.079.626,89;6.001,00;Passiva;4.003.900,00
BBIM11;0,00;0,650000;0,00;12,49;;;9,56;-28,93;;12.923.477,03;20,00;Ativa;1.035.000,00
BBRC11;114,68;1,130000;11,30;102,54;1,12;136.713,57;5,50;6,50;-2,88;163.032.955,29;9.491,00;Passiva;1.590.000,00
BCFF11;9,18;0,070000;9,15;9,87;0,93;3.491.818,50;3,20;3,04;-7,79;1.988.049.069,24;315.407,00;Ativa;201.491.024,00
BCIA11;105,24;0,850000;9,28;110,62;0,95;602.380,20;0,19;8,28;-2,39;411.393.419,43;20.827,00;Ativa;3.719.038,00
BCRI11;75,60;0,780000;12,43;96,77;0,78;685.550,80;6,56;-13,30;-13,59;605.562.770,40;46.771,00;Ativa;6.257.873,00
BICE11;900,01;6,640000;12,66;998,10;0,90;2.506,33;18,38;;;90.138.444,99;111,00;Ativa;90.310,00
BICR11;70,00;0,500000;10,90;44,43;1,58;3.303,10;29,02;32,99;-11,21;22.215.276,65;613,00;Ativa;500.000,00
BIME11;7,32;0,080000;13,51;8,76;0,84;92.557,00;3,87;;;51.228.617,48;8.703,00;Ativa;5.845.602,00
BIPD11;988,71;10,380000;1,05;989,21;1,00;155.227,00;15,27;;;73.531.927,39;116,00;Ativa;74.334,00
BLCA11;120,00;12,600000;15,64;185,99;0,65;12.913,04;5,38;;;297.591.817,41;324,00;Ativa;1.600.000,00
BLCP11;91,00;0,563428;0,00;111,74;0,81;;1,06;;-3,89;256.580.339,90;279,00;Ativa;2.296.282,00
BLMC11;84,72;0,640000;11,25;95,78;0,88;110.287,27;22,98;;;38.266.013,20;65,00;Ativa;399.500,00
BLMG11;40,15;0,440000;19,80;84,37;0,48;892.817,47;0,33;;;321.501.534,85;13.595,00;Ativa;3.810.588,00
BLMO11;90,00;0,430000;1.077,14;104,54;0,86;217.169,75;2,80;;;103.994.186,22;86,00;Ativa;994.814,00
BLMR11;6,75;0,053000;8,89;7,62;0,89;493.294,13;13,40;;;194.622.510,70;19.572,00;Ativa;25.541.630,00
BLUR11;88,99;0,680000;12,70;90,27;0,99;2.038,29;3,32;;;8.124.404,45;131,00;Ativa;90.000,00
BMII11;0,00;0,228341;0,00;468,20;;;1,01;;;67.888.647,68;12,00;Passiva;145.000,00
BMLC11;105,87;0,780000;11,13;111,91;0,95;327.151,41;17,12;17,62;2,85;111.732.920,02;1.419,00;Ativa;998.405,00
BNFS11;118,91;1,258224;14,40;86,03;1,38;172.446,27;6,61;8,32;-1,65;60.222.284,32;5.209,00;Ativa;700.000,00
BPFF11;74,49;0,620000;10,00;78,05;0,95;386.263,63;5,48;2,84;-2,07;350.614.208,13;17.596,00;Ativa;4.492.326,00
BPLC11;0,00;14,420464;0,00;10.084,54;;;3,43;;;322.705.242,75;114,00;Ativa;32.000,00
BPML11;94,81;0,270465;0,57;121,16;0,78;490.002,43;6,44;;-1,53;521.584.863,93;1.338,00;Ativa;4.305.079,00
BPRP11;108,99;0,900000;9,97;124,49;0,88;12.524,00;0,15;4,53;-4,35;168.041.522,20;169,00;Passiva;1.349.837,00
BRCO11;125,90;0,990000;8,10;120,12;1,05;3.200.681,60;2,09;11,88;3,00;1.775.219.765,77;119.072,00;Ativa;14.778.781,00
BRCR11;60,74;0,410000;8,63;99,25;0,61;2.313.953,80;1,23;-2,48;-12,30;2.643.813.605,16;148.330,00;Ativa;26.638.202,00
BREV11;105,00;0,580000;4,99;0,00;;271.522,64;;8,81;-2,34;0,00;320,00;Ativa;967.201,00
BRHT11B;86,80;;0,00;70,31;1,23;;13,53;;;129.488.671,45;11,00;Ativa;1.841.677,00
BRIM11;1.014,03;20,140000;23,88;1.064,42;0,95;21.880,50;2,49;;;132.133.809,15;227,00;Ativa;124.137,00
BRIP11;1.000,00;13,930000;17,89;1.118,16;0,89;1.500,00;1,82;;;240.935.335,86;254,00;Ativa;215.475,00
BRIX11;0,00;;0,00;997,28;;;0,90;;;109.055.034,58;55,00;Ativa;109.352,00
BRLA11;143,00;1,120000;9,35;157,21;0,91;1.638,00;0,24;4,09;;558.507.177,89;276,00;Passiva;3.552.597,00
BROF11;57,14;0,560000;8,09;106,54;0,54;1.902.773,67;0,42;;;1.236.978.637,30;8.024,00;Ativa;11.610.812,00
BROL11;0,00;;0,00;;;;;;;;;;5.500.000,00
BRSE11;0,00;;0,00;3.667,55;;;16,99;;;7.335.103,13;12,00;Ativa;2.000,00
BTAL11;78,00;0,640000;11,62;104,54;0,75;978.116,47;2,62;;;625.413.908,80;45.828,00;Ativa;5.982.736,00
BTCI11;9,99;0,094000;12,23;10,39;0,96;2.159.765,50;14,19;4,15;-52,65;1.034.376.297,85;148.117,00;Ativa;99.521.172,00
BTCR11;88,00;0,900000;0,00;95,27;0,92;;8,00;32,78;-0,38;458.252.683,73;16.934,00;Ativa;4.810.097,00
BTHI11;44,99;0,428811;22,96;42,42;1,06;32.768,27;6,01;;-20,02;391.064.839,80;787,00;Ativa;9.218.512,00
BTHI12;45,00;0,560000;1,24;42,42;1,06;85.624,43;6,01;;-13,74;391.064.839,80;787,00;Ativa;9.218.512,00
BTLG11;103,52;0,810000;8,75;98,17;1,06;8.119.791,27;13,64;3,13;-1,80;2.797.081.387,01;266.471,00;Ativa;28.492.634,00
BTRA11;60,13;0,560000;14,28;106,55;0,56;376.897,63;8,32;;;358.491.432,27;21.022,00;Ativa;3.364.559,00
BTSG11;139,00;0,900000;7,71;145,24;0,96;20.975,71;0,78;;;112.561.858,43;94,00;Ativa;775.015,00
BTSI11;97,50;0,740000;8,88;114,50;0,85;98,67;0,06;;;278.218.996,22;114,00;Ativa;2.429.809,00
BTWR11;109,40;0,840000;6,08;111,65;0,98;109,00;1,22;;;90.354.803,21;72,00;Ativa;809.269,00
BVAR11;0,00;19,000000;0,00;999,80;;;0,73;-0,08;;625.412.820,40;67,00;Passiva;625.540,00
BZEL11;0,00;5,092421;0,00;143,37;;;0,03;;;507.236.753,73;3,00;Ativa;3.538.046,00
BZLI11;17,00;;0,00;10,41;1,63;198,33;0,29;;2,04;448.578.588,40;19,00;Ativa;43.072.979,00
CACR11;103,35;1,480000;16,90;100,99;1,02;1.390.755,73;11,76;6,36;-2,61;386.150.009,96;19.552,00;;3.823.767,00
CARE11;1,57;0,008385;0,00;8,28;0,19;23.868,50;0,02;;-23,45;296.188.994,04;11.725,00;Ativa;35.769.919,00
CBOP11;31,98;0,120000;4,50;71,62;0,45;14.781,52;1,33;-43,54;-24,20;101.347.200,88;3.122,00;Passiva;1.415.000,00
CCLB11;0,00;;0,00;0,00;;;;;;0,00;0,00;Ativa;0,00
CCME11;108,20;0,900000;10,02;107,85;1,00;2.111,87;13,88;;;590.198.727,47;158,00;Ativa;5.472.579,00
CCRF11;92,50;0,632531;8,70;93,23;0,99;1.276,82;3,10;;;146.548.498,31;317,00;Ativa;1.571.900,00
CEOC11;47,35;0,470927;14,18;72,87;0,65;51.121,47;2,49;7,16;-12,22;132.301.201,68;4.974,00;Passiva;1.815.696,00
CFHI11;610,00;3,646900;0,60;620,84;0,98;5.307.000,00;1,40;;;58.731.783,25;54,00;Ativa;94.600,00
CFII11;0,00;64,600000;0,00;1.010,89;;;17,39;;;101.730.077,76;59,00;Ativa;100.634,00
CIXR11;0,00;;0,00;;;;;;;;;;2.834.551,00
CJCT11;67,99;0,490000;2,02;71,83;0,95;46.036,04;1,42;;4,26;225.553.931,67;1.073,00;Passiva;3.140.000,00
CJFI11;0,00;;0,00;2,83;;;3,77;;;268.242.396,93;1,00;Ativa;94.711.593,00
CLIN11;96,50;1,010000;1,05;99,73;0,96;473.285,63;23,98;;;433.500.870,60;8.664,00;Ativa;4.346.763,00
CNES11;23,00;0,075065;4,78;89,51;0,26;12.651,55;5,26;-7,17;-26,36;263.999.949,63;1.649,00;Ativa;2.949.248,00
COPP11;103,00;0,750000;0,73;111,54;0,92;1.827.632,00;5,58;;;193.499.242,46;3,00;Ativa;1.734.737,00
CPFF11;77,39;0,480000;8,74;84,47;0,90;504.248,73;2,03;-8,09;-1,90;215.659.168,01;9.572,00;Ativa;2.553.074,00
CPFO11;0,00;;0,00;31,93;;;0,87;;;90.509.108,49;528,00;Ativa;2.834.551,00
CPSH11;109,63;1,000000;5,51;115,21;0,95;2.078.897,37;7,14;;;496.242.967,03;383,00;Ativa;4.307.461,00
CPTS11;8,43;0,065000;10,50;9,15;0,92;6.425.702,97;1,05;-10,34;-5,69;2.908.951.684,03;311.604,00;Ativa;317.828.140,00
CRFF11;80,02;0,650000;9,37;91,28;0,88;141.698,46;2,52;12,48;-1,68;62.990.264,18;1.479,00;Ativa;690.040,00
CSMC11;0,00;20,665812;0,00;1.051,34;;;10,64;;;660.936.311,51;1,00;Ativa;628.663,00
CTNP11;0,00;;0,00;;;;;;;;;;0,00
CTXT11;11,59;0,010000;0,00;30,98;0,37;2.434,31;0,22;-23,80;-33,88;105.595.645,46;2.769,00;Passiva;3.408.174,00
CVBI11;93,54;0,850000;11,97;97,01;0,96;2.305.748,83;3,43;-4,28;-3,60;1.068.135.449,49;88.456,00;Ativa;11.010.228,00
CVPR11;0,00;0,850000;0,00;99,97;;;3,45;;;13.996.367,60;2,00;Ativa;140.000,00
CXAG11;81,48;0,770000;10,91;115,50;0,71;156.157,57;0,04;;;241.461.462,50;12.183,00;Ativa;2.090.621,00
CXCE11B;44,95;0,425033;10,92;64,30;0,70;19.211,40;6,39;-18,85;-24,03;110.136.544,08;3.650,00;Passiva;1.712.950,00
CXCI11;85,74;0,850000;11,79;95,01;0,90;204.718,33;1,24;;;195.511.370,33;5.352,00;Ativa;2.057.726,00
CXCO11;80,46;0,727000;11,69;101,90;0,79;159.809,17;1,19;;;399.921.808,64;14.235,00;Passiva;3.924.500,00
CXRI11;81,11;0,590000;8,47;92,77;0,87;25.834,40;3,65;4,05;-13,38;146.175.478,18;2.235,00;Ativa;1.575.760,00
CXTL11;260,00;2,097756;8,09;417,77;0,62;11.612,93;3,49;3,84;-11,88;22.391.404,97;700,00;Passiva;53.597,00
CYCR11;9,56;0,110000;12,76;9,93;0,96;366.478,33;1,30;;;162.093.128,59;14.469,00;Ativa;16.315.840,00
CYLD11;0,00;;0,00;104,36;;;7,44;;;129.584.311,54;46,00;Ativa;1.241.743,00
DAMT11B;13,35;0,042538;7,31;12,84;1,04;14.424,14;1,47;;;160.639.640,19;573,00;Passiva;12.510.797,00
DEVA11;41,20;0,420000;18,61;100,24;0,41;1.550.737,40;2,65;-22,63;-29,87;1.407.861.794,96;124.070,00;Ativa;14.044.908,00
DLMT11;0,00;0,005359;0,00;0,64;;;8,70;;;8.515.221,84;9,00;Ativa;13.225.796,00
DMAC11;13,00;4,894618;0,00;4,99;2,61;;105,14;;-50,32;778.257,90;2.352,00;Passiva;156.108,00
DOMC11;439,00;;0,00;99,29;4,42;;0,39;;;242.635.468,48;1.185,00;Ativa;2.443.800,00
DOVL11B;1.200,69;0,478191;6,02;815,25;1,47;33.619,00;5,18;14,76;;54.137.457,46;60,00;Ativa;66.406,00
DPRO11;8,01;0,050000;95,40;9,19;0,89;14.030,60;1,08;;;45.958.526,45;562,00;Ativa;5.003.220,00
DRIT11B;83,30;1,750000;9,51;134,39;0,62;1.547,00;18,64;19,00;-12,69;62.260.570,74;345,00;Ativa;463.277,00
DVFF11;8,27;0,075000;10,83;9,37;0,88;152.188,90;6,31;;;103.146.427,25;1.208,00;Ativa;11.009.500,00
EDFO11B;229,98;1,690685;9,03;223,34;1,03;7.938,50;1,43;7,20;-4,09;52.707.708,14;529,00;Passiva;236.000,00
EDGA11;21,23;0,065000;5,43;62,72;0,34;21.340,83;1,25;-12,09;-11,95;239.084.681,09;5.148,00;Passiva;3.812.055,00
EGYR11;5,55;;0,00;123,41;0,05;1.921,10;0,00;;;93.211.209,14;45,00;Passiva;755.269,00
ELDO11B;762,38;12,000000;13,88;1.624,16;0,47;;0,29;4,45;;1.278.629.207,99;63,00;Passiva;787.256,00
EQIR11;9,69;0,110000;13,62;10,01;0,97;131.468,37;14,75;;;109.210.307,40;11.036,00;Ativa;10.909.315,00
ERCR11;76.000,00;139,449698;0,00;40.034,37;1,90;;0,33;;;95.121.654,28;11,00;Passiva;2.376,00
ERPA11;119,00;0,720000;7,18;141,62;0,84;54.477,57;1,02;;;70.940.195,61;390,00;Passiva;500.922,00
ESTQ11;0,00;;0,00;0,02;;;23,71;;;1.042.124,79;5,00;Ativa;65.361.974,00
EURO11;249,10;1,880000;8,93;337,61;0,74;51.687,83;1,49;8,63;4,76;129.621.705,03;2.359,00;Passiva;383.936,00
EVBI11;98,00;0,750000;9,30;97,50;1,01;442.274,33;1,54;;-3,78;235.321.427,84;1.017,00;Ativa;2.413.519,00
EXES11;88,44;0,780000;11,05;91,32;0,97;508,00;29,33;;;53.608.896,58;58,00;Ativa;587.072,00
FAED11;157,00;1,464555;11,71;223,93;0,70;55.483,60;1,72;9,44;-6,65;143.802.917,13;4.642,00;Passiva;642.168,00
FAGL11;0,00;;0,00;;;;;;;;;;3.000.000,00
FAMB11B;809,00;9,160000;0,00;2.354,50;0,34;66.382,11;0,35;-9,82;-17,12;262.875.470,32;2.535,00;Passiva;111.648,00
FARU11;0,00;;0,00;;;;;;;;;;8.000.000,00
FATN11;92,14;0,850000;10,91;103,85;0,89;896.419,47;1,42;6,67;-3,73;288.825.085,82;4.187,00;Ativa;2.781.102,00
FCAS11;0,00;0,121915;0,00;60,79;;;186,17;;;80.684.223,04;2,00;Passiva;1.327.300,00
FCFL11;118,49;0,860000;8,24;121,95;0,97;241.204,20;0,69;6,83;0,71;423.646.925,14;3.510,00;Ativa;3.474.010,00
FGPM11;0,00;;0,00;;;;;;;;;;0,00
FIGS11;60,97;0,450000;8,87;81,34;0,75;221.352,13;0,67;20,92;-3,56;231.806.292,88;14.601,00;Passiva;2.850.000,00
FIIB11;521,91;3,650000;8,00;472,35;1,10;235.667,00;1,08;1,98;-0,95;323.560.769,09;16.505,00;Passiva;685.000,00
FIIP11B;177,00;1,440000;9,51;203,51;0,87;62.669,97;1,29;4,08;-4,11;188.690.525,43;7.552,00;Passiva;927.162,00
FINF11;0,00;0,291549;0,00;40,42;;;2,63;22,42;;33.149.297,92;4,00;Ativa;820.112,00
FISC11;55,50;0,290000;8,59;120,22;0,46;3.182,50;1,66;;;204.374.810,55;110,00;Ativa;1.699.996,00
FISD11;0,00;6,526269;0,00;59,88;;;6,43;;;64.225.072,21;23,00;Ativa;1.072.588,00
FIVN11;2,97;;0,00;7,65;0,39;3.375,80;0,00;;-8,05;72.046.045,75;4.089,00;Passiva;9.412.630,00
FLCR11;98,39;1,130000;13,65;99,67;0,99;49.639,47;9,72;;-2,14;63.152.666,87;2.724,00;Ativa;633.604,00
FLFL11;0,00;;0,00;97,86;;;7,48;;;142.049.996,56;121,00;Ativa;1.451.500,00
FLMA11;140,00;0,990000;7,85;216,64;0,65;95.014,70;1,05;19,35;-0,71;299.102.183,65;14.793,00;Ativa;1.380.670,00
FLRP11;2.049,99;13,500000;8,05;2.311,98;0,89;177.058,41;1,16;34,78;16,84;150.815.070,01;798,00;Passiva;65.232,00
FMOF11;56,99;0,460000;1,07;116,80;0,49;924,54;1,79;8,56;-7,06;59.337.504,93;261,00;Passiva;508.008,00
FOFT11;123,00;1,900000;0,00;110,21;1,12;;5,10;-47,71;;131.819.480,59;3.846,00;Ativa;1.196.040,00
FPAB11;190,00;0,900000;9,92;340,09;0,56;11.989,61;4,49;7,66;-13,99;255.064.298,29;914,00;Passiva;750.000,00
FPNG11;85,07;0,340000;8,26;174,44;0,49;850,00;1,04;2,28;;349.106.505,16;68,00;Ativa;2.001.355,00
FRHY11;0,00;1,030000;0,00;41,31;;;6,08;;;5.391.293,46;7,00;Ativa;130.500,00
FTCE11B;2.900,89;112,959603;6,86;2.929,07;0,99;;3,23;;;2.992.170.362,18;112,00;Ativa;1.021.541,00
FVBI11;94,97;0,369573;0,00;0,00;;;;142,93;;0,00;0,00;Passiva;0,00
FVPQ11;108,95;0,450000;11,08;192,22;0,57;74.355,50;1,50;17,89;-9,26;538.246.777,78;3.982,00;Passiva;2.800.149,00
GALG11;9,15;0,084000;10,84;9,95;0,92;3.144.976,27;24,63;-0,41;-6,32;571.710.255,09;116.119,00;Ativa;57.485.300,00
GAME11;9,28;0,100000;12,93;9,85;0,94;132.090,03;0,86;;;213.792.004,54;24.224,00;Ativa;21.697.677,00
GCFF11;69,30;0,750000;3,17;77,51;0,89;87.694,83;4,26;;-13,34;27.939.468,78;1.759,00;Ativa;360.477,00
GCOI11;98,99;0,805870;0,81;97,18;1,02;9.899,00;10,64;;;10.980.821,23;356,00;Ativa;113.000,00
GCRI11;88,02;0,950000;13,92;94,66;0,93;287.287,03;3,53;-0,78;;137.628.662,25;4.882,00;Ativa;1.453.859,00
GESE11B;1.520,00;14,973763;87,27;1.119,08;1,36;;203,53;118,15;;58.192.036,94;56,00;Passiva;52.000,00
GGRC11;114,09;0,900000;10,18;113,05;1,01;1.354.469,73;4,89;7,59;-7,08;1.020.958.046,22;106.576,00;Ativa;9.031.191,00
GLOG11;65,33;0,630000;12,14;109,09;0,60;58.639,67;1,31;;;81.815.284,46;3.036,00;Ativa;750.000,00
GLPL11;0,00;;0,00;;;;;;;;;;0,00
GRLV11;104,51;0,170000;0,00;5,97;17,51;;2.489,44;135,25;;6.407.890,29;2.604,00;Passiva;1.073.530,00
GSFI11;7,86;;0,00;14,49;0,54;951.013,13;1,95;;30,09;1.089.412.700,16;8.533,00;Ativa;75.198.136,00
GTLG11;63,99;0,840000;6,78;60,62;1,06;22.885,25;100,03;;;434.811.690,70;341,00;Ativa;7.173.000,00
GTWR11;86,06;0,790000;11,00;101,09;0,85;1.131.675,23;1,28;5,26;-6,99;1.213.089.085,34;34.459,00;Ativa;12.000.000,00
GURB11;108,00;0,700000;5,32;111,28;0,97;5.773.890,80;3,94;;;126.319.662,38;21,00;Ativa;1.135.160,00
GVBI11;0,00;;0,00;;;;;;;;;;1.500.000,00
GZIT11;0,00;0,323017;0,00;95,92;;;2,36;;;2.094.963.652,13;1,00;Ativa;21.841.231,00
HAAA11;43,69;0,370000;10,28;79,93;0,55;3.604,20;0,44;-8,55;;276.171.447,33;310,00;Ativa;3.455.000,00
HABT11;89,05;0,980000;15,22;98,56;0,91;1.479.223,70;6,58;-9,79;-9,16;800.986.465,92;70.267,00;Ativa;8.126.783,00
HBCR11;117,39;0,685962;6,14;119,38;0,98;6.753.656,73;1,50;;;137.023.129,32;44,00;Ativa;1.147.760,00
HBRH11;92,50;0,657463;7,16;111,73;0,83;724.273,90;0,62;-8,64;-2,21;309.724.739,52;951,00;Ativa;2.772.204,00
HBTT11;1.055,00;16,580000;0,00;0,00;;;;;;0,00;0,00;Ativa;0,00
HCHG11;75,65;0,690000;13,17;100,22;0,75;28.717,76;5,90;;;120.264.305,17;977,00;Ativa;1.200.000,00
HCPR11;0,00;;0,00;;;;;;;;;;1.750.000,00
HCRI11;304,94;3,422450;10,87;318,69;0,96;60.161,27;2,09;-2,52;-14,33;63.737.620,04;3.230,00;Passiva;200.000,00
HCST11;54,07;;0,00;101,42;0,53;231,80;0,25;;-18,48;50.254.899,89;68,00;Ativa;495.504,00
HCTR11;38,84;0,350000;14,65;116,43;0,33;1.559.582,40;2,05;-35,59;-36,20;2.571.174.509,88;190.582,00;Ativa;22.084.202,00
HDEL11;107,50;5,650000;12,53;84,80;1,27;21.500,00;26,40;;;71.230.397,08;61,00;Passiva;840.000,00
HDOF11;115,00;;0,00;97,18;1,18;100.970,00;1,12;;;199.775.619,58;112,00;Ativa;2.055.675,00
HFOF11;78,10;0,630000;9,68;81,84;0,95;2.816.073,43;1,51;2,31;-8,87;1.885.956.205,81;77.365,00;Ativa;23.044.389,00
HGBS11;228,34;2,000000;8,80;231,52;0,99;5.569.433,63;10,71;32,97;1,74;2.947.185.782,33;105.410,00;Ativa;12.729.800,00
HGCR11;107,46;1,000000;12,56;102,39;1,05;3.252.537,83;2,41;9,12;1,26;1.578.631.504,92;103.639,00;Ativa;15.418.106,00
HGFF11;90,95;0,700000;8,85;93,99;0,97;697.485,27;5,24;8,06;-0,94;269.150.736,82;16.973,00;Ativa;2.863.597,00
HGIC11;105,01;1,015849;11,32;117,73;0,89;14.745,32;11,34;;;54.474.179,06;364,00;;462.706,00
HGLG11;163,98;1,100000;8,30;158,24;1,04;12.095.852,97;3,08;0,07;-3,26;5.346.515.836,24;441.076,00;Ativa;33.787.575,00
HGPO11;285,60;1,500000;6,58;308,63;0,93;600.925,77;0,39;8,97;7,60;541.043.026,56;18.584,00;Passiva;1.753.057,00
HGRE11;134,31;1,200000;7,71;153,34;0,88;1.582.533,33;2,78;-1,70;-3,37;1.812.096.739,54;148.156,00;Ativa;11.817.767,00
HGRS11;0,00;1,150000;0,00;39,51;;;3,79;;;58.983.088,31;6,00;Ativa;1.492.940,00
HGRU11;139,98;2,300000;8,70;126,96;1,10;3.475.547,13;5,53;11,92;2,85;2.336.914.152,37;207.752,00;Ativa;18.406.458,00
HILG11;0,00;2,665238;0,00;188,91;;;1,03;;;98.626.409,48;50,00;Ativa;522.087,00
HLOG11;84,25;0,650000;9,26;116,92;0,72;62.961,13;1,81;1,05;-10,96;496.904.714,99;4.272,00;Ativa;4.250.000,00
HMOC11;226,95;23,800000;0,00;238,79;0,95;;0,67;122,18;0,00;91.223.530,50;209,00;Passiva;382.017,00
HOFC11;19,44;0,250000;12,39;69,55;0,28;73.878,97;0,26;-23,01;-38,78;262.820.636,26;6.806,00;Ativa;3.779.001,00
HOSI11;88,22;1,203200;8,85;92,00;0,96;194.396,13;3,08;7,51;0,47;52.759.078,81;1.561,00;Ativa;573.450,00
HPDP11;85,85;0,530000;7,55;95,65;0,90;979.428,28;8,52;25,48;-0,82;314.496.064,47;426,00;Passiva;3.288.000,00
HRDF11;3,57;6,800000;0,00;7,99;0,45;389,70;30,56;;32,93;12.118.823,02;1.146,00;Ativa;1.517.425,00
HREC11;8,71;0,085000;12,06;9,30;0,94;146.063,93;4,41;0,91;-4,85;479.752.489,19;2.022,00;Ativa;51.567.650,00
HSAF11;86,90;0,750000;12,26;93,08;0,93;449.676,93;2,81;-3,55;-2,96;235.146.680,20;10.740,00;Ativa;2.526.360,00
HSLG11;97,41;0,740000;8,98;103,49;0,94;913.966,17;3,65;7,93;-4,80;1.310.225.791,52;36.510,00;Ativa;12.660.067,00
HSML11;95,34;0,760000;9,29;94,94;1,00;3.250.509,40;4,07;20,14;-0,47;1.498.265.450,61;168.087,00;Ativa;15.780.613,00
HSRE11;105,99;0,600000;6,96;93,61;1,13;4.135.356,11;1,68;3,69;;833.014.127,57;241,00;Ativa;8.898.724,00
HTMX11;170,87;3,254262;14,61;153,25;1,11;2.346.590,17;7,93;28,96;10,97;230.532.985,37;32.447,00;Ativa;1.504.334,00
HUCG11;92,00;0,220000;3,48;103,79;0,89;6.535,73;14,63;;;116.450.653,86;226,00;Passiva;1.122.000,00
HUSC11;116,12;0,950000;9,27;155,95;0,74;4.335,00;0,64;8,59;-8,82;128.956.704,56;778,00;Passiva;826.907,00
HUSI11;1.200,00;8,346420;8,89;1.186,24;1,01;6.933,33;1,72;;;138.033.247,70;89,00;Ativa;116.362,00
IBCR11;80,43;1,000000;14,19;95,96;0,84;196.978,67;5,35;;;91.972.081,38;4.055,00;Ativa;958.423,00
IBFF11;66,40;0,296485;0,00;14,78;4,49;;101,13;;-5,31;9.855.905,16;3.870,00;Ativa;666.681,00
IDFI11;21,47;0,170770;20,72;28,82;0,75;8.587,07;24,06;;;59.304.723,28;387,00;Ativa;2.057.925,00
IDGR11;15,00;0,110368;3,30;10,62;1,41;613,59;20,09;;;9.377.705,50;72,00;Ativa;883.359,00
IRDM11;79,69;0,700000;12,55;87,37;0,91;4.723.011,03;5,21;-11,51;-16,63;3.183.351.109,54;294.535,00;Ativa;36.433.827,00
IRIM11;83,30;0,740000;13,44;91,28;0,91;43.198,70;5,82;;;175.249.718,23;2.688,00;Ativa;1.920.000,00
ITIP11;76,31;0,650000;12,12;76,72;0,99;94.730,47;1,29;;;57.399.134,73;4.946,00;Passiva;748.151,00
ITIT11;78,71;0,640000;9,13;87,15;0,90;242.421,87;1,80;8,95;-6,52;78.476.065,62;10.129,00;Passiva;900.494,00
JASC11;103,00;0,540000;5,84;107,14;0,96;999.926,00;1,51;;;356.935.255,60;79,00;Ativa;3.331.507,00
JBFO11;87,00;0,616073;6,13;84,03;1,04;;2,28;;;107.481.871,01;364,00;Ativa;1.279.070,00
JCCJ11;120,00;0,095894;0,86;173,66;0,69;5.880.285,33;1,50;;;289.750.244,21;155,00;Passiva;1.668.505,00
JCDA11;0,00;;0,00;10,50;;;2,20;;;159.246.953,56;51,00;Passiva;15.159.655,00
JCDB11;0,00;;0,00;136,22;;;3,43;;;142.066.859,56;58,00;Ativa;1.042.957,00
JFLL11;75,73;0,620000;9,84;104,24;0,73;45.234,10;2,24;;;156.421.539,84;3.668,00;Ativa;1.500.598,00
JPPA11;95,37;1,040000;15,72;98,57;0,96;216.069,87;4,27;6,45;-1,23;89.112.139,24;8.961,00;Ativa;904.050,00
JPPC11;200,00;0,170000;0,00;401,35;0,50;800,00;6,13;;;22.074.244,04;88,00;Ativa;55.000,00
JRDM11;85,90;0,400000;4,40;88,84;0,97;610.682,00;0,41;28,90;6,08;224.143.181,16;4.001,00;Passiva;2.522.968,00
JSAF11;101,76;1,000000;11,11;100,54;1,02;1.005.731,60;94,06;;;158.152.048,30;13.831,00;Ativa;1.573.047,00
JSRE11;77,75;0,460000;7,17;109,59;0,71;2.569.026,77;0,14;-4,44;-7,55;2.275.871.103,33;104.781,00;Ativa;20.767.328,00
JTPR11;2.517,00;1,630372;0,00;74,65;33,72;;6,91;;;16.026.468,39;8,00;Ativa;214.674,00
KCRE11;99,81;0,810000;11,69;103,47;0,97;580.486,63;7,39;;;372.503.556,80;10.591,00;Ativa;3.600.000,00
KEVE11;1.166,00;1,354087;0,44;862,19;1,35;144.664,08;8,93;;4,22;127.347.008,09;483,00;Passiva;147.700,00
KFOF11;101,85;1,030000;9,39;98,01;1,04;891.814,97;4,20;11,17;0,06;444.309.562,27;19.792,00;Ativa;4.533.315,00
KINP11;9,82;3,053493;65,42;0,00;;38.394,20;;;-10,83;0,00;0,00;Ativa;0,00
KISU11;8,42;0,080000;10,49;9,05;0,93;1.046.382,20;1,64;3,29;-7,34;399.905.434,28;132.161,00;Ativa;44.196.050,00
KIVO11;92,42;1,250000;16,82;91,45;1,01;400.334,50;5,97;;;111.128.010,71;4.590,00;Ativa;1.215.124,00
KNCR11;103,25;1,010000;12,96;100,87;1,02;9.284.035,47;4,51;35,02;5,68;5.759.451.784,13;310.216,00;Ativa;57.097.087,00
KNHF11;104,35;1,000000;4,74;101,63;1,03;1.049.957,50;17,94;;;1.405.125.036,32;13.087,00;Ativa;13.826.293,00
KNHY11;105,19;1,050000;12,30;103,33;1,02;3.007.385,17;2,54;-5,12;-1,74;1.910.593.607,15;16.026,00;Ativa;18.490.843,00
KNIP11;96,51;0,750000;9,86;99,13;0,97;11.358.627,40;1,82;-13,29;-4,24;7.937.902.259,41;75.213,00;Ativa;80.078.186,00
KNPR11;0,00;4,650000;0,00;101,20;;;4,73;;;58.689.268,00;593,00;Ativa;579.911,00
KNRE11;0,40;0,037742;0,00;0,76;0,53;7.315,03;3,60;;-50,95;14.108.187,28;6.839,00;Ativa;18.547.161,00
KNRI11;166,03;1,000000;7,30;158,83;1,05;3.707.308,60;1,09;11,47;1,29;3.836.940.532,72;264.450,00;Ativa;24.157.121,00
KNSC11;9,17;0,070000;11,13;9,10;1,01;2.906.047,10;8,26;-9,31;-2,85;1.208.347.949,89;132.602,00;Ativa;132.757.940,00
KNUQ11;103,45;1,140000;6,29;100,94;1,02;530.284,50;2,16;;;745.144.515,41;7.760,00;Ativa;7.382.303,00
LASC11;103,49;0,670000;7,45;127,65;0,81;770.304,22;3,86;10,98;1,46;375.328.890,99;390,00;Passiva;2.940.298,00
LATR11B;9,51;9,998500;202,33;0,00;;99,50;;;-63,21;0,00;0,00;Ativa;0,00
LAVF11;0,00;1,300000;0,00;0,00;;;;;;0,00;7,00;Ativa;44.600,00
LFTT11;30,95;3,668145;0,00;18,11;1,71;18.320,67;3,27;;-32,47;134.091.203,33;504,00;Ativa;7.404.543,00
LGCP11;91,24;0,720000;8,50;102,39;0,89;588.592,13;1,23;5,77;-2,62;361.396.706,56;15.633,00;Ativa;3.529.735,00
LIFE11;10,09;0,125000;15,76;10,15;1,00;211.238,67;2,75;;;226.043.427,01;6.130,00;Ativa;22.276.744,00
LKDV11;997,23;;0,00;1.115,60;0,89;573.407,00;2,19;;;74.534.660,45;69,00;Ativa;66.811,00
LLAO11;77,37;1,700000;3,12;73,93;1,05;551.253,00;8,25;;;26.698.166,06;77,00;Ativa;361.140,00
LOFT11B;29,90;0,201705;0,00;10,02;2,98;;8,36;;-0,26;19.663.388,29;1,00;Ativa;1.962.500,00
LPLP11;508,68;5,987424;19,14;398,08;1,28;1.017,00;0,17;;;144.781.405,25;5,00;Ativa;363.698,00
LRDI11;0,00;;0,00;97,60;;;0,68;;;34.539.220,16;18,00;Ativa;353.879,00
LSPA11;107,50;4,430000;12,78;114,38;0,94;110.137,50;4,20;;;46.265.530,51;224,00;Ativa;404.500,00
LUGG11;82,88;0,500000;8,28;123,56;0,67;51.082,77;1,55;3,56;-6,24;139.711.181,55;6.564,00;Ativa;1.130.706,00
LVBI11;118,69;0,900000;8,05;115,45;1,03;4.826.271,50;4,36;9,95;0,20;1.644.501.795,27;97.478,00;Ativa;14.243.672,00
MADS11;0,00;;0,00;;;;;;;;;;0,00
MALL11;118,21;0,800000;8,16;121,01;0,98;1.908.794,23;3,10;13,85;4,11;1.104.137.381,27;132.172,00;Ativa;9.124.659,00
MANA11;9,35;0,110000;14,01;9,77;0,96;215.529,00;9,79;;;208.942.757,51;5.183,00;Ativa;21.389.376,00
MATV11;86,63;0,600000;1,85;93,73;0,92;13.027,43;15,13;;;39.926.993,67;325,00;Ativa;425.968,00
MAXR11;77,00;0,780000;10,61;128,11;0,61;269.758,93;1,43;0,49;-8,57;144.207.895,72;4.482,00;Ativa;1.125.655,00
MCCI11;93,90;0,900000;11,83;95,48;0,98;3.552.773,03;4,73;1,23;-2,80;1.619.348.816,44;116.108,00;Ativa;16.960.024,00
MCHF11;9,13;0,070000;12,02;9,55;0,96;1.409.927,97;16,11;;;308.960.498,52;84.361,00;Ativa;32.354.247,00
MCHY11;12,07;0,130000;13,51;98,54;0,12;31.369,17;22,25;;;353.746.513,02;1.118,00;;3.589.771,00
MFAI11;64,48;0,550000;9,18;72,49;0,89;23.332,40;0,16;-12,77;-17,72;28.212.610,30;2.816,00;Ativa;389.185,00
MFCR11;103,98;1,110000;14,12;103,08;1,01;5.200,12;74,04;;;10.434.319,92;183,00;Ativa;101.230,00
MFII11;99,91;1,080000;13,23;113,37;0,87;533.418,20;0,40;0,08;-9,10;501.857.043,22;30.433,00;Ativa;4.426.834,00
MGCR11;9,40;0,100000;7,40;9,78;0,96;259.145,59;1,77;;-1,48;131.240.792,97;4.360,00;Ativa;13.416.505,00
MGFF11;69,99;0,520000;8,22;73,54;0,95;2.558.695,75;5,75;-2,71;-6,40;665.588.549,57;45.134,00;Ativa;9.050.620,00
MGHT11;48,15;0,570000;16,88;85,62;0,56;126.719,80;5,37;-0,68;-22,66;112.482.906,27;4.784,00;;1.313.784,00
MGIM11;101,50;0,176173;0,00;98,41;1,03;;101,04;;;24.337.124,08;75,00;Ativa;247.300,00
MGLC11;0,00;;0,00;;;;;;;;;;0,00
MGRI11;0,00;1,000000;0,00;110,27;;;6,16;;;24.259.177,29;1,00;Ativa;220.000,00
MINT11;102,50;1,300000;1,27;133,89;0,77;11.928,75;4,39;;0,83;69.621.644,29;82,00;Ativa;520.000,00
MMPD11;0,00;3,617524;0,00;111,74;;;3,58;;;59.222.767,21;55,00;Ativa;530.000,00
MMVE11;161,87;;0,00;78,64;2,06;3.108,15;0,15;;;36.567.195,66;152,00;Ativa;465.000,00
MOFF11;0,00;;0,00;932,26;;;0,17;;;200.910.946,96;15,00;Ativa;215.510,00
MORC11;88,38;0,940000;14,78;100,29;0,88;960.024,53;12,18;;;191.339.013,53;2.960,00;Ativa;1.907.808,00
MORE11;75,37;0,700000;8,27;85,49;0,88;571.952,10;4,21;-3,30;-12,21;198.257.973,78;3.358,00;Ativa;2.319.115,00
MTOF11;0,00;;0,00;74,33;;;2,95;;;143.629.893,26;2,00;Ativa;1.932.221,00
MTRS11;0,00;;0,00;;;;;;;;;;0,00
MVFI11;0,00;;0,00;1,54;;;3,00;;;120.286.356,90;1,00;Ativa;78.155.673,00
MXRF11;10,70;0,110000;12,90;9,93;1,08;11.807.791,07;5,02;13,25;0,69;2.851.649.176,71;1.022.791,00;Ativa;287.291.278,00
NAVT11;90,71;1,790300;14,12;94,25;0,96;284.699,67;5,75;;;57.705.336,54;2.031,00;Ativa;612.282,00
NCHB11;83,38;0,795000;13,70;90,41;0,92;484.390,03;10,16;0,68;-4,89;153.510.646,04;10.745,00;Ativa;1.697.932,00
NCRI11;9,20;0,100000;12,17;10,28;0,89;3.799,43;3,74;;;40.613.158,32;718,00;Ativa;3.949.999,00
NEWL11;118,18;1,300000;10,21;137,39;0,86;916.431,90;2,79;4,33;3,92;279.317.363,79;3.921,00;Ativa;2.033.099,00
NEWU11;77,30;0,600000;3,05;69,78;1,11;212.078,93;5,96;-7,48;21,97;51.775.697,03;1.414,00;Ativa;742.000,00
NPAR11;12,82;1,196695;0,00;14,07;0,91;;100,00;;-54,70;1.682.250,84;772,00;Ativa;119.589,00
NSLU11;192,31;1,553582;9,65;202,68;0,95;478.537,43;3,42;-5,52;-12,08;262.124.868,02;6.197,00;Passiva;1.293.286,00
NVHO11;11,60;0,084045;8,65;15,30;0,76;1.304,53;1,85;7,25;-9,96;634.777.158,87;2.171,00;Ativa;41.494.533,00
NVIF11B;227,50;0,889152;3,52;341,87;0,67;;14,15;-1,20;;115.347.468,91;7,00;Ativa;337.399,00
OCRE11;100,01;0,774845;2,70;102,52;0,98;33.447,67;6,14;;;29.322.424,79;473,00;Ativa;286.006,00
OGHY11;9,05;0,090000;13,11;9,47;0,95;49.261,70;15,33;;;25.726.115,11;1.520,00;Ativa;2.715.373,00
ONEF11;200,03;32,500000;21,76;182,79;1,09;114.431,47;18,59;72,76;11,05;166.518.054,63;2.602,00;Passiva;911.000,00
OPTM11;0,00;1,330000;0,00;137,77;;;2,36;;;10.099.072,20;63,00;Ativa;73.304,00
ORPD11;93,00;1,379310;0,00;145,55;0,64;;0,00;;;42.209.921,69;6,00;Ativa;290.000,00
OUFF11;70,59;0,700000;12,07;74,65;0,95;205.233,67;1,06;2,99;-5,82;135.437.531,29;7.678,00;Ativa;1.814.336,00
OUJP11;96,95;0,900000;14,12;99,07;0,98;552.216,97;9,16;12,72;-3,19;322.225.945,81;29.451,00;Ativa;3.252.384,00
OULG11;32,38;0,300000;14,65;61,01;0,53;192.854,50;1,96;-10,49;-25,87;151.386.493,98;5.264,00;Ativa;2.481.283,00
OURE11;74,60;0,800000;14,41;92,26;0,81;107.912,93;0,92;0,68;-7,87;99.368.584,35;6.265,00;Ativa;1.077.087,00
PABY11;17,28;;0,00;-21,28;;797,00;;;6,22;-16.138.455,91;667,00;Passiva;758.400,00
PATB11;0,00;5,900844;0,00;166,35;;;1,11;;;666.634.002,06;1,00;Ativa;4.007.458,00
PATC11;38,70;1,700000;19,72;41,20;0,94;463.380,23;4,32;27,63;-23,37;143.273.747,27;7.365,00;Ativa;3.477.434,00
PATL11;68,60;0,600000;10,38;98,50;0,70;820.779,43;1,55;1,49;-9,97;491.678.610,93;24.489,00;Ativa;4.991.535,00
PBLV11;926,98;39,645378;8,50;1.610,73;0,58;;2,93;;;6.193.899.464,76;2,00;Ativa;3.845.405,00
PCAS11;0,00;1.000,000000;0,00;6.460,43;;;0,24;;;452.230.286,83;50,00;Passiva;70.000,00
PEMA11;45,00;0,423000;17,20;71,25;0,63;1.476,00;0,77;;;39.327.823,62;380,00;Ativa;552.000,00
PLCR11;88,25;0,800000;12,97;92,45;0,95;289.625,73;10,99;2,44;-2,13;194.998.234,63;17.063,00;Ativa;2.109.169,00
PLRI11;15,50;0,068112;6,90;28,57;0,56;1.326,71;1,65;-24,03;-29,30;27.266.981,16;703,00;Ativa;954.304,00
PMFO11;0,00;0,880000;0,00;98,39;;;3,85;;;49.073.327,74;92,00;Ativa;498.739,00
PNCR11;87,17;1,030000;5,37;85,68;1,02;174.340,00;1,44;;;42.838.361,15;110,00;Ativa;500.000,00
PNDL11;1.300,00;3,410000;0,96;1.060,62;1,23;1.402.295,33;11,47;;;136.924.376,52;57,00;Ativa;129.099,00
PNLN11;0,00;;0,00;59,85;;;28,92;;;1.324.531,75;51,00;Ativa;22.130,00
PNPR11;106,00;;0,00;106,01;1,00;1.211.368,00;0,21;;;93.181.698,59;27,00;Ativa;879.002,00
PNRC11;102,49;1,190000;11,17;102,05;1,00;153.735,00;1,83;;;41.852.614,98;60,00;Ativa;410.100,00
PORD11;92,60;1,010000;13,35;97,88;0,95;667.451,10;5,27;3,29;-3,68;364.932.097,48;26.900,00;Ativa;3.728.375,00
PQAG11;58,00;0,450000;9,16;57,11;1,02;8.437,40;0,15;6,39;-5,87;799.124.298,41;476,00;Ativa;13.991.890,00
PQDP11;1.947,79;18,469502;10,59;3.420,71;0,57;126.337,07;2,64;18,20;-12,50;861.344.743,76;3.987,00;Passiva;251.803,00
PRSN11B;1,48;0,171678;0,00;3,85;0,38;942,13;18,70;;-20,63;12.430.463,91;1.030,00;Ativa;3.231.246,00
PRSV11;67,38;1,620000;0,00;181,33;0,37;3.412,27;4,54;28,92;-25,12;35.359.299,83;952,00;Passiva;195.000,00
PRTS11;117,70;0,054870;0,00;0,06;1.961,67;;103,36;;;3.111.607,44;11,00;Ativa;55.727.500,00
PRZS11;0,00;;0,00;142,19;;;0,04;;;102.937.398,26;21,00;Ativa;723.937,00
PVBI11;104,03;0,700000;7,55;100,36;1,04;4.567.448,37;16,20;9,43;3,44;1.772.908.899,10;136.210,00;Ativa;17.665.545,00
QAGR11;49,37;0,430000;10,51;57,72;0,86;612.630,27;1,48;2,94;-18,53;290.904.877,50;21.758,00;Ativa;5.040.000,00
QAMI11;84,68;1,000000;9,62;92,80;0,91;202.935,58;0,73;;;74.367.555,48;1.440,00;Ativa;801.398,00
QIRI11;78,04;0,660000;0,00;89,61;0,87;;100,31;;-7,40;13.441.852,95;173,00;Ativa;150.000,00
RBBV11;100,00;0,224057;0,00;100,84;0,99;;1,01;75,40;1,56;126.470.249,69;3.475,00;Passiva;1.254.164,00
RBCB11;19,00;0,300000;0,00;0,00;;;;-15,04;;0,00;462,00;Ativa;53.100,00
RBDS11;2,37;2,354143;0,00;21,67;0,11;428,96;24,00;18,99;-55,31;2.741.494,15;964,00;Ativa;126.523,00
RBED11;148,07;1,450000;10,95;145,77;1,02;221.051,97;6,97;9,14;-1,02;343.302.420,13;13.145,00;Ativa;2.355.022,00
RBFF11;61,00;0,520000;9,92;69,29;0,88;650.439,70;2,61;2,31;-6,17;259.786.434,65;20.333,00;Ativa;3.749.215,00
RBGS11;28,45;0,176600;0,00;90,78;0,31;;0,52;4,91;-10,69;97.865.283,71;2.808,00;Passiva;1.078.000,00
RBHG11;92,68;1,050000;13,60;91,51;1,01;314.415,53;2,64;7,54;3,11;158.083.643,68;9.885,00;Ativa;1.727.582,00
RBHY11;92,65;1,100000;15,11;93,67;0,99;168.767,40;1,01;;;177.357.422,17;3.577,00;Ativa;1.893.505,00
RBIR11;93,00;0,261675;4,38;97,88;0,95;53.785,79;1,11;;5,14;149.627.797,63;1.638,00;Ativa;1.528.615,00
RBLG11;101,60;0,950000;10,81;104,73;0,97;9.663,30;1,83;;;67.048.921,25;218,00;Ativa;640.199,00
RBOP11;324,01;21,790000;25,44;792,01;0,41;49.624,97;10,03;-7,93;-30,24;80.518.930,66;3.542,00;Ativa;101.664,00
RBRD11;40,31;0,340000;10,67;67,72;0,60;31.092,80;3,16;46,70;-18,51;125.394.905,43;8.835,00;Passiva;1.851.786,00
RBRF11;80,54;0,550000;8,89;87,50;0,92;2.597.103,47;2,71;-0,21;-6,34;1.197.126.178,55;108.583,00;Ativa;13.680.770,00
RBRI11;1.100,00;35,620000;0,00;1.188,39;0,93;10.660,00;0,79;;;163.635.997,64;89,00;Ativa;137.695,00
RBRL11;88,12;0,720000;9,08;100,89;0,87;1.026.615,73;1,23;-1,92;-6,65;674.625.415,08;13.891,00;Ativa;6.687.035,00
RBRM11;94.794,81;2.002,089652;8,06;26.141,97;3,63;;1,04;;;14.090.520,99;54,00;Ativa;539,00
RBRP11;56,66;0,280000;5,70;78,52;0,72;1.553.433,53;0,71;-14,62;-15,89;956.361.860,81;86.371,00;Ativa;12.179.186,00
RBRR11;89,98;0,680000;10,73;95,74;0,94;2.918.812,40;2,00;-0,32;-1,29;1.441.506.958,91;135.890,00;Ativa;15.057.201,00
RBRS11;53,80;0,750000;8,14;92,97;0,58;66.809,72;2,50;;-17,82;161.233.561,01;1.204,00;Ativa;1.734.299,00
RBRU11;0,00;;0,00;;;;;;;;;;0,00
RBRX11;9,09;0,090000;14,26;96,58;0,09;646.915,17;9,31;;;181.667.770,41;8.518,00;Ativa;1.881.019,00
RBRY11;99,85;1,000000;14,01;97,69;1,02;2.877.495,90;17,72;9,62;-1,93;981.227.714,05;48.942,00;Ativa;10.044.607,00
RBTS11;770,05;22,998673;32,68;638,80;1,21;159.732,11;0,43;;;36.107.894,17;103,00;Ativa;56.525,00
RBVA11;112,84;1,000000;10,39;110,04;1,03;1.394.581,47;5,25;2,32;-0,53;1.373.886.556,44;50.295,00;Ativa;12.485.334,00
RBVO11;8,02;0,035000;2,93;16,99;0,47;1.477,90;6,72;-19,19;-21,36;8.764.558,44;2.496,00;;515.824,00
RCFA11;1,34;;0,00;20,01;0,07;1.858,17;0,01;;30,71;11.684.507,20;278,00;Passiva;583.926,00
RCFF11;98,99;1,359690;1,37;102,39;0,97;40.843,09;8,81;;-3,44;33.091.100,45;90,00;Ativa;323.200,00
RCKF11;0,00;;0,00;;;;;;;;;;1.500.000,00
RCRB11;160,00;0,930000;5,79;205,62;0,78;1.577.332,57;2,38;-2,00;-0,77;758.897.031,65;31.468,00;Ativa;3.690.695,00
RCRI11B;1.200,00;12,481836;0,00;365,40;3,28;;70,80;;;18.639.596,10;149,00;Ativa;51.012,00
RECH11;0,00;;0,00;;;;;;;;;;0,00
RECR11;86,44;0,759800;12,35;96,15;0,90;2.651.316,70;3,59;-8,49;-9,61;2.542.400.709,43;179.558,00;Ativa;26.441.650,00
RECT11;45,50;0,400000;11,78;92,07;0,49;401.888,40;0,28;-8,27;-21,62;786.591.601,68;68.448,00;Ativa;8.543.493,00
RECX11;68,75;0,600000;10,23;75,38;0,91;32.873,86;0,68;;;16.456.726,35;649,00;Ativa;218.313,00
REIT11;176,42;2,510000;4,49;279,98;0,63;463,00;7,73;;-48,57;7.360.937,96;69,00;Ativa;26.291,00
RELG11;47,01;0,700000;2,98;125,79;0,37;172.229,40;0,83;;-21,98;167.875.236,30;6.074,00;Ativa;1.334.562,00
RFOF11;77,02;0,730000;11,19;81,60;0,94;63.814,00;7,73;4,29;-4,57;87.977.301,89;4.785,00;Ativa;1.078.164,00
RINV11;112,26;1,550000;13,14;109,35;1,03;276.647,07;5,48;;;92.445.875,89;1.008,00;Ativa;845.435,00
RMAI11;69,50;0,320000;4,69;99,29;0,70;327.221,64;0,39;;-47,53;242.635.468,48;1.185,00;Ativa;2.443.800,00
RNDP11;120,65;1,150000;11,57;106,79;1,13;23.756,73;12,61;-35,67;-45,97;11.477.673,07;1.212,00;Ativa;107.481,00
RNGO11;46,74;0,400000;10,28;82,64;0,57;94.876,07;1,86;2,87;-14,18;221.150.649,84;10.460,00;Passiva;2.676.000,00
ROOF11;720,00;41,715400;6,69;559,17;1,29;115.920,00;3,81;;;43.332.895,01;85,00;Ativa;77.495,00
RPRI11;102,28;0,950000;12,61;101,67;1,01;443.138,50;23,57;;;318.834.133,48;2.769,00;Ativa;3.135.997,00
RRCI11;83,01;0,900000;13,94;91,94;0,90;36.258,38;6,11;8,10;-4,42;44.292.880,82;2.102,00;Ativa;481.757,00
RSPD11;1.013,00;3,360000;8,68;1.044,06;0,97;1.504.752,33;1,66;;;155.575.947,95;118,00;Ativa;149.011,00
RVBI11;85,61;0,750000;10,37;86,10;1,00;194.473,13;15,89;0,42;-2,94;123.988.740,85;12.293,00;Ativa;1.440.000,00
RZAK11;88,98;1,120000;16,19;91,39;0,97;2.692.480,97;1,88;;-3,90;804.940.205,04;51.311,00;Ativa;8.807.885,00
RZAT11;92,91;1,100000;13,45;100,05;0,93;980.876,70;0,11;-12,74;-58,48;370.996.795,08;38.743,00;Ativa;3.708.168,00
RZDM11;550,16;2,900000;1,56;32,81;16,77;20.710.244,33;100,81;;;5.249.451,62;4,00;Ativa;160.000,00
RZTR11;102,95;1,100000;11,46;99,40;1,04;2.710.964,50;25,21;3,57;-1,28;1.388.590.847,17;97.594,00;Ativa;13.969.333,00
SACL11;0,00;;0,00;;;;;;;;;;0,00
SADI11;89,26;1,020000;13,66;95,99;0,93;399.288,30;5,06;38,89;4,68;148.657.946,28;10.813,00;Ativa;1.548.684,00
SAIC11B;34,00;0,662215;0,00;55,84;0,61;3.128,00;2,68;;-0,97;79.833.977,02;50,00;Passiva;1.429.740,00
SALI11;0,00;;0,00;90,22;;;5,42;;;7.178.743,31;1,00;Passiva;79.565,00
SARE11;47,94;0,450000;13,52;89,59;0,54;1.313.718,07;1,53;-4,35;-20,25;827.310.388,30;43.971,00;Ativa;9.234.329,00
SBCL11;0,00;;0,00;1.279,41;;;104,36;;;38.382.350,64;3,00;Ativa;30.000,00
SCPF11;4,57;0,018000;5,49;11,87;0,39;7.944,93;1,67;4,65;-23,25;49.847.282,95;5.036,00;Ativa;4.200.000,00
SEED11;100,83;0,820000;12,29;95,60;1,05;100.830,00;0,42;;;156.783.685,69;125,00;Ativa;1.640.000,00
SEQR11;59,03;0,717400;14,33;91,02;0,65;97.363,10;1,44;;;151.618.163,99;5.595,00;Ativa;1.665.695,00
SFND11;83,07;0,100000;0,12;2,83;29,35;;106,36;115,88;;2.782.115,08;54,00;Passiva;981.472,00
SFRO11;0,00;;0,00;5,93;;;102,53;;;5.191.438,53;20,00;Passiva;875.758,00
SHDP11B;0,00;5,114334;0,00;1.425,30;;;2,90;18,70;;2.125.575.953,01;3,00;Passiva;1.491.314,00
SHOP11;59,29;;0,00;47,58;1,25;210,71;1,77;;;70.471.293,06;52,00;Ativa;1.481.266,00
SHPH11;870,01;5,100000;6,00;924,76;0,94;155.557,50;1,22;12,64;1,29;563.132.086,63;2.434,00;Passiva;608.950,00
SHSO11;0,00;0,420000;0,00;98,85;;;4,29;;;19.769.049,00;1,00;Ativa;200.000,00
SIGR11;95,11;0,151240;14,64;102,07;0,93;9.634,62;16,76;;;39.745.199,02;66,00;Ativa;389.395,00
SJAU11;65,56;;0,00;95,81;0,68;224.118,85;0,00;;;759.987.152,69;164,00;Passiva;7.932.248,00
SNCI11;99,78;1,000000;12,38;101,45;0,98;742.438,70;1,11;;;426.083.415,68;43.231,00;Ativa;4.200.000,00
SNEL11;125,06;1,550000;3,68;97,71;1,28;772.161,43;0,65;;;48.858.354,25;5.194,00;Ativa;500.026,00
SNFF11;86,70;0,650000;9,75;91,94;0,94;574.459,13;1,48;;;260.196.909,41;29.716,00;Ativa;2.830.000,00
SNLG11;23,94;0,350000;2,92;34,68;0,69;86.010,93;5,44;;;65.477.185,63;3.411,00;Ativa;1.888.174,00
SNME11;10,38;0,119670;2,31;9,55;1,09;53.181,25;0,28;;;49.200.037,25;146,00;Ativa;5.152.446,00
SOLR11;1.128,06;4,770765;1,97;948,43;1,19;;0,51;;;59.640.257,20;52,00;Ativa;62.883,00
SPAF11;0,00;1,658791;0,00;1.018,01;;;1,77;28,10;;11.472.932,59;1,00;Ativa;11.270,00
SPDE11;0,00;;0,00;1.033,43;;;3,04;;;61.377.452,05;162,00;Ativa;59.392,00
SPMO11;120,00;0,430000;0,00;153,28;0,78;166.638,78;0,01;;;277.286.683,78;8,00;Ativa;1.809.030,00
SPTW11;43,40;0,650000;12,51;57,79;0,75;147.452,20;6,96;-27,21;-19,76;103.912.577,29;25.719,00;Passiva;1.798.000,00
SPVJ11;0,00;0,680000;0,00;116,13;;;0,90;0,80;;733.022.162,49;27,00;Ativa;6.312.090,00
SPXS11;9,41;0,091000;13,33;9,65;0,98;574.983,00;11,41;;;194.910.395,05;7.955,00;Ativa;20.189.040,00
SRVD11;3,00;0,200000;0,00;-0,01;;233,91;;;;-834.096,27;106,00;Ativa;96.286.020,00
STRX11;168,00;0,760000;5,37;147,11;1,14;1.428,00;0,79;-70,59;;237.374.028,48;89,00;Ativa;1.613.559,00
TBOF11;15,56;0,822740;0,00;0,21;74,10;;492,15;74,62;;2.097.587,74;9.180,00;Passiva;10.050.000,00
TCIN11;145,92;;0,00;125,91;1,16;50.124,50;0,90;;;106.979.441,68;115,00;Ativa;849.660,00
TCPF11;1,26;1,520000;1.233,33;115,63;0,01;;5,39;;;34.379.751,04;52,00;Ativa;297.327,00
TELD11;0,00;;0,00;22,97;;;0,54;;;10.791.658,06;2,00;Ativa;469.760,00
TELF11;0,00;;0,00;;;;;;;;;;0,00
TELM11;0,00;;0,00;;;;;;;;;;500.000,00
TEPP11;94,10;0,900000;7,76;96,77;0,97;1.171.377,47;2,15;9,90;1,74;408.543.303,66;21.472,00;Ativa;4.221.967,00
TFOF11;138,00;2,370000;0,00;121,20;1,14;;13,36;29,98;;103.080.374,68;3.278,00;Ativa;850.530,00
TGAR11;122,69;1,320000;13,44;123,42;0,99;6.821.787,37;16,53;5,31;-3,98;2.364.894.946,54;140.200,00;Ativa;19.160.622,00
THRA11;138,50;0,130000;0,00;9,54;14,52;;140,47;90,73;2,00;14.050.683,35;2.084,00;Passiva;1.472.728,00
TJKB11;262,51;2,720000;11,33;270,88;0,97;2.425,00;0,14;;;205.051.412,28;82,00;Ativa;756.974,00
TMPS11;95,81;1,110000;6,81;105,02;0,91;146.044,80;0,56;;;102.808.938,20;1.848,00;Ativa;978.968,00
TORD11;2,22;0,050000;2,25;12,81;0,17;150.140,43;0,50;;-42,60;449.083.764,22;92.380,00;Ativa;35.051.354,00
TORM13;142,00;10,562960;0,00;0,00;;;;;;0,00;0,00;Ativa;0,00
TOUR11;8,80;0,242328;0,00;0,00;;;;;-58,28;0,00;0,00;Ativa;0,00
TRBL11;98,59;0,720000;9,46;98,03;1,01;718.638,70;4,10;6,20;-1,37;626.900.706,27;61.574,00;Ativa;6.395.050,00
TRNT11;123,00;0,220000;3,67;197,20;0,62;37.661,09;0,93;-2,75;-11,26;776.089.297,63;681,00;Passiva;3.935.562,00
TRXB11;144,00;2,210000;9,29;112,46;1,28;1.313,42;4,19;11,34;6,27;360.509.003,67;221,00;Passiva;3.205.778,00
TRXF11;111,17;1,700000;10,21;107,61;1,03;9.935.597,63;3,40;8,89;2,59;1.654.260.300,76;126.610,00;Ativa;15.372.233,00
TSER11;100,00;0,940000;11,36;102,38;0,98;850,00;4,55;;;131.549.740,54;28,00;Ativa;1.284.884,00
TSNC11;0,00;0,625958;0,00;91,77;;;7,03;-23,66;;99.728.718,67;66,00;Ativa;1.086.780,00
TSNM11;0,00;;0,00;;;;;;;;;;3.500.000,00
TVRI11;101,49;0,910000;10,67;99,17;1,02;1.417.329,50;3,44;-2,97;-3,55;1.578.791.878,45;71.716,00;Ativa;15.919.690,00
URPR11;90,30;1,110000;16,30;103,86;0,87;1.843.076,40;4,81;-14,35;-10,37;1.212.537.669,48;90.295,00;Ativa;11.675.248,00
VCJR11;94,01;0,900000;11,73;97,47;0,96;1.792.982,30;2,34;-2,00;-3,36;1.435.144.945,67;26.122,00;Ativa;14.723.970,00
VCRI11;8,54;0,085000;13,64;9,68;0,88;278.328,47;4,07;;;172.130.738,18;12.030,00;Ativa;17.773.297,00
VCRR11;69,45;0,750000;12,07;130,96;0,53;262.883,57;1,48;;;261.923.164,67;4.262,00;Ativa;2.000.000,00
VDSV11;0,00;;0,00;1.014,11;;;11,05;;;20.321.803,66;77,00;Ativa;20.039,00
VERE11;233,49;3,500000;13,90;452,75;0,52;;0,31;1,63;;277.214.250,97;53,00;Ativa;612.285,00
VGHF11;9,55;0,100000;13,61;9,35;1,02;3.662.425,57;3,44;;;1.540.362.286,24;342.991,00;Ativa;164.721.683,00
VGIP11;88,93;0,760000;11,93;93,66;0,95;1.629.388,40;1,02;-8,70;-7,50;1.103.957.275,30;89.389,00;Ativa;11.787.247,00
VGIR11;9,81;0,110000;14,78;9,64;1,02;3.961.774,17;2,19;25,14;4,81;995.264.979,41;232.865,00;Ativa;103.220.707,00
VIDS11;0,00;30,166587;0,00;873,30;;;9,04;;;78.162.980,01;199,00;Ativa;89.503,00
VIFI11;8,25;0,070000;9,88;9,34;0,88;253.135,33;5,90;2,99;-55,51;75.546.620,72;6.380,00;Ativa;8.089.190,00
VILG11;95,34;0,640000;8,38;114,09;0,84;3.039.677,27;1,40;3,63;-7,83;1.711.089.166,83;162.062,00;Ativa;14.997.396,00
VINO11;7,81;0,058000;9,35;10,84;0,72;1.025.529,87;2,06;-15,17;-14,74;897.853.061,93;147.056,00;Ativa;82.826.295,00
VISC11;121,43;1,000000;8,75;133,71;0,91;6.912.866,07;24,16;20,83;1,41;2.840.393.253,01;275.919,00;Ativa;21.243.688,00
VIUR11;7,95;0,072000;10,87;8,96;0,89;356.562,77;3,93;;;241.376.040,40;49.606,00;Ativa;26.946.220,00
VJFD11;0,00;0,750000;0,00;136,28;;;0,72;;;664.512.886,86;97,00;Ativa;4.876.129,00
VLIQ11;0,00;;0,00;0,00;;;;;;0,00;1,00;Ativa;0,00
VLJS11;1.141,14;28,819221;0,00;937,80;1,22;;0,67;;;24.447.272,32;9,00;Passiva;26.068,00
VLOL11;98,00;1,856441;3,86;111,06;0,88;160.238,13;16,46;14,56;-1,32;198.219.080,15;3.127,00;Passiva;1.784.828,00
VOTS11;82,01;0,950000;16,55;94,23;0,87;12.036,93;3,70;12,47;-2,31;78.013.384,44;691,00;Ativa;827.913,00
VPSI11;0,00;0,234003;0,00;31,42;;;0,84;23,41;;253.654.548,31;53,00;Passiva;8.071.897,00
VRTA11;87,30;0,750000;11,42;94,10;0,93;2.312.708,57;3,75;-7,27;-8,56;1.467.190.277,61;123.262,00;Ativa;15.592.424,00
VSEC11;0,21;0,080000;285,71;0,00;;2,50;;-0,62;-86,74;0,00;0,00;Ativa;0,00
VSHO11;83,60;0,700000;10,18;101,06;0,83;65.604,67;1,02;19,51;0,96;212.095.101,51;3.835,00;Ativa;2.098.800,00
VSLH11;4,19;0,040000;11,93;10,73;0,39;270.915,63;1,51;;;320.294.174,01;87.757,00;Ativa;29.864.091,00
VTLT11;95,97;0,890000;11,01;112,52;0,85;130.645,63;2,95;5,36;-5,47;237.986.610,72;6.052,00;Ativa;2.115.000,00
VTPA11;0,00;;0,00;104,62;;;0,61;;;69.036.138,32;1,00;Ativa;659.857,00
VTPL11;0,00;5,110000;0,00;72,32;;;3,64;;;100.251.377,59;1,00;Ativa;1.386.242,00
VTRT11;0,00;0,107508;0,00;100,80;;;20,14;;;1.030.654.046,20;499,00;Ativa;10.224.963,00
VTVI11;0,00;;0,00;34,65;;;1,48;;;61.715.316,97;1,00;Ativa;1.780.984,00
VTXI11;0,00;;0,00;8,33;;;31,20;;;861.916,93;2,00;Ativa;103.500,00
VVCO11;13,52;0,323281;0,00;13,71;0,99;242.867,50;4,54;;23,66;135.713.104,79;3.630,00;Ativa;9.900.000,00
VVCR11;20,73;0,180000;15,21;21,91;0,95;172.315,77;7,38;-15,80;-36,67;40.532.761,09;2.767,00;Ativa;1.849.829,00
VVPR11;101,50;0,892340;0,00;98,03;1,04;;1,27;;0,07;226.032.234,18;1.372,00;Ativa;2.305.771,00
VVRI11;97,15;1,300000;12,46;109,70;0,89;199.915,37;0,24;;;43.880.528,19;133,00;Ativa;400.000,00
VXXV11;1.020,00;10,760000;0,00;1.147,35;0,89;4.547.925,00;0,20;;;307.599.106,69;20,00;Ativa;268.096,00
WHGR11;9,76;0,100000;12,50;9,96;0,98;748.370,10;3,97;;;250.010.357,04;13.002,00;Ativa;25.089.531,00
WPLZ11;67,99;0,410000;7,63;89,03;0,76;4.135,77;2,73;10,66;-2,10;94.775.659,80;1.874,00;Passiva;1.064.549,00
WSEC11;84,09;1,000000;17,35;100,88;0,83;15.568,90;6,37;;;24.781.361,10;476,00;Ativa;245.651,00
WTSP11B;36,00;1,150000;10,50;79,97;0,45;3.852,00;1,81;25,15;-13,25;79.374.720,64;215,00;Ativa;992.565,00
XBXO11;0,00;;0,00;94,78;;;0,10;;;288.362.989,58;6,00;Ativa;3.042.600,00
XPCI11;88,11;0,760000;12,46;93,58;0,94;1.769.516,10;3,30;-0,48;-2,43;814.257.093,26;77.104,00;Ativa;8.701.551,00
XPCM11;10,10;0,020000;9,51;29,30;0,34;35.654,43;7,32;-34,84;-42,08;70.753.126,38;23.732,00;Passiva;2.414.570,00
XPIN11;81,75;0,630000;9,52;102,67;0,80;1.154.464,67;2,35;1,05;-11,01;734.131.689,03;49.070,00;Ativa;7.150.422,00
XPLG11;110,93;0,780000;8,28;110,34;1,01;8.388.637,07;10,70;7,69;-3,17;3.267.595.223,68;320.579,00;Ativa;29.613.233,00
XPML11;115,45;0,900000;8,65;111,91;1,03;14.277.150,10;10,99;22,47;-0,30;3.449.365.012,08;409.164,00;Ativa;30.822.213,00
XPPR11;21,44;0,100000;6,53;68,21;0,31;384.046,17;3,34;-39,04;-35,80;499.057.480,96;55.733,00;Ativa;7.316.171,00
XPSF11;8,49;0,075000;10,71;8,66;0,98;624.391,57;3,92;0,90;-4,15;375.011.611,85;62.335,00;Ativa;43.302.140,00
YUFI11;79,99;0,389271;3,49;102,27;0,78;255,00;2,33;;;50.383.877,76;60,00;Ativa;492.650,00
ZAVI11;127,71;1,240000;10,59;133,77;0,95;330.283,47;2,57;;;156.959.628,57;5.007,00;Ativa;1.173.322,00
ZIFI11;800,00;3,304958;0,00;1.200,53;0,67;40.094,06;0,01;;;57.007.064,45;69,00;Ativa;47.485,00
